metric,estimate,se,ci_lo,ci_hi
pre_2020_slope,-0.000135049762875423,0.0000984658806976344,-0.000328042889042786,0.0000579433632919408
post_2020_slope,0.000320296035850166,0.000635282285602711,-0.000924857243931147,0.00156544931563148
delta_slope,0.000455345798725589,0.000606047247093009,-0.000732506805576708,0.00164319840302789
