"term","estimate","std_error","statistic","p_value"
"(Intercept)",0.0369378399489348,0.00183459952265085,20.1340071731636,0.0000000000000000220945014068299
"year_c",-0.000135049762875423,0.0000984658806976344,-1.37153866820253,0.18192835290272
"post",0.000455345798725589,0.000606047247093009,0.751337129093019,0.459197027954064
